Date,Home,Gas,Beef,Pork,IncomeMid,IncomeMid,SavingsRate,PctChInL,PctChInM
1970/1/1,24002.01,0.36,98.5,81.4,2283,8689,11.8,0,0
1970/2/1,24170,0.36,98.3,81.1,2283,8689,11.7,0,0
1970/3/1,24296,0.36,100.6,80.7,2283,8689,12.4,0,0
1970/4/1,24400.99,0.36,101.1,79.3,2283,8689,13.3,0,0
1970/5/1,24589.99,0.36,100.7,79.4,2283,8689,12.4,0,0
1970/6/1,24757.98,0.36,99.8,79.4,2283,8689,12.3,0,0
1970/7/1,24820.98,0.36,102,80,2283,8689,13.5,0,0
1970/8/1,25051.97,0.36,101.7,79.1,2283,8689,13.4,0,0
1970/9/1,25303.96,0.36,100.2,76.1,2283,8689,12.9,0,0
1970/10/1,25429.95,0.36,99.3,74,2283,8689,13.1,0,0
1970/11/1,25576.95,0.36,99.1,70.2,2283,8689,13.6,0,0
1970/12/1,25723.94,0.36,98,67.9,2283,8689,13.2,0,0
1971/1/1,25786.94,0.36,98.8,67.9,2539,8965,13.3,0.112133158,0.0317643
1971/2/1,25723.94,0.36,102.9,68.9,2539,8965,13.3,0.112133158,0.0317643
1971/3/1,25723.94,0.36,104,69.4,2539,8965,13.5,0.112133158,0.0317643
1971/4/1,25807.94,0.36,105.8,68.2,2539,8965,13.2,0.112133158,0.0317643
1971/5/1,25996.93,0.36,106.8,67.7,2539,8965,13.6,0.112133158,0.0317643
1971/6/1,26269.92,0.36,107.6,69.1,2539,8965,14.7,0.112133158,0.0317643
1971/7/1,26311.92,0.36,106.8,70.9,2539,8965,13.8,0.112133158,0.0317643
1971/8/1,26395.91,0.36,107.7,71.1,2539,8965,13.6,0.112133158,0.0317643
1971/9/1,26458.91,0.36,108,70.5,2539,8965,13.3,0.112133158,0.0317643
1971/10/1,26542.91,0.36,107.2,70.8,2539,8965,13.3,0.112133158,0.0317643
1971/11/1,26752.9,0.36,108.5,70.9,2539,8965,13.1,0.112133158,0.0317643
1971/12/1,26815.9,0.36,110.8,72.4,2539,8965,13,0.112133158,0.0317643
1972/1/1,26899.89,0.36,114,75.8,2783,9624,12.5,0.219010074,0.10760732
1972/2/1,26962.89,0.36,118.4,80.8,2783,9624,12.8,0.219010074,0.10760732
1972/3/1,26941.89,0.36,118.5,78.9,2783,9624,11.8,0.219010074,0.10760732
1972/4/1,26983.89,0.36,114.6,77.7,2783,9624,11.5,0.219010074,0.10760732
1972/5/1,27067.88,0.36,114.1,78.9,2783,9624,11.7,0.219010074,0.10760732
1972/6/1,27235.88,0.36,116.3,81.5,2783,9624,11.7,0.219010074,0.10760732
1972/7/1,27508.87,0.36,120.2,85.1,2783,9624,11.7,0.219010074,0.10760732
1972/8/1,27613.86,0.36,118.7,85.5,2783,9624,12,0.219010074,0.10760732
1972/9/1,27592.86,0.36,115.9,86.1,2783,9624,12.2,0.219010074,0.10760732
1972/10/1,27571.86,0.36,115.8,87,2783,9624,13,0.219010074,0.10760732
1972/11/1,27592.86,0.36,115.4,86.7,2783,9624,13.6,0.219010074,0.10760732
1972/12/1,27613.86,0.36,117.8,88,2783,9624,13.7,0.219010074,0.10760732
1973/1/1,27550.86,0.39,125.5,93.6,2909,10471,12.4,0.274200613,0.205086891
1973/2/1,27550.86,0.39,134,96.6,2909,10471,12.5,0.274200613,0.205086891
1973/3/1,27571.86,0.39,139.3,102.5,2909,10471,12.7,0.274200613,0.205086891
1973/4/1,27571.86,0.39,140,102.2,2909,10471,13.2,0.274200613,0.205086891
1973/5/1,27634.86,0.39,140.1,101.9,2909,10471,13.2,0.274200613,0.205086891
1973/6/1,27697.86,0.39,139.6,103.6,2909,10471,13.6,0.274200613,0.205086891
1973/7/1,27676.86,0.39,140.6,107,2909,10471,13.2,0.274200613,0.205086891
1973/8/1,27928.85,0.39,148.7,130.9,2909,10471,13.9,0.274200613,0.205086891
1973/9/1,28033.84,0.39,149.5,125.7,2909,10471,13.1,0.274200613,0.205086891
1973/10/1,28243.84,0.39,140.4,116.5,2909,10471,14.4,0.274200613,0.205086891
1973/11/1,28369.83,0.39,139.4,114.8,2909,10471,14.4,0.274200613,0.205086891
1973/12/1,28558.82,0.39,138.9,115.2,2909,10471,14.8,0.274200613,0.205086891
1974/1/1,28789.81,0.53,147.8,116.2,3152,11147,14.3,0.380639509,0.282886408
1974/2/1,29020.8,0.53,155.1,116.7,3152,11147,14.2,0.380639509,0.282886408
1974/3/1,29335.79,0.53,147.2,111.4,3152,11147,13.4,0.380639509,0.282886408
1974/4/1,29440.79,0.53,141.2,104.3,3152,11147,13.1,0.380639509,0.282886408
1974/5/1,29587.78,0.53,139.9,99,3152,11147,12.8,0.380639509,0.282886408
1974/6/1,29755.77,0.53,136.9,93.3,3152,11147,12.8,0.380639509,0.282886408
1974/7/1,29902.77,0.53,143,103.3,3152,11147,12.8,0.380639509,0.282886408
1974/8/1,30175.76,0.53,148.7,108.3,3152,11147,12.1,0.380639509,0.282886408
1974/9/1,30469.74,0.53,147,109.5,3152,11147,12.9,0.380639509,0.282886408
1974/10/1,30721.73,0.53,142,108.5,3152,11147,13.4,0.380639509,0.282886408
1974/11/1,30952.72,0.53,139.7,111,3152,11147,13.8,0.380639509,0.282886408
1974/12/1,31435.7,0.53,137.3,112.3,3152,11147,14,0.380639509,0.282886408
1975/1/1,32033.5,0.57,138.1,114.6,3335,11724,13.2,0.460797197,0.349292209
1975/2/1,32086.75,0.57,134.2,114.5,3335,11724,12.5,0.460797197,0.349292209
1975/3/1,32169.16,0.57,132.2,113.3,3335,11724,12.7,0.460797197,0.349292209
1975/4/1,32222.41,0.57,139.4,115.4,3335,11724,14.2,0.460797197,0.349292209
1975/5/1,32318.77,0.57,154,122.6,3335,11724,17.3,0.460797197,0.349292209
1975/6/1,32298.49,0.57,164.5,130.1,3335,11724,14.3,0.460797197,0.349292209
1975/7/1,32472.18,0.57,167.9,143.3,3335,11724,12.6,0.460797197,0.349292209
1975/8/1,32664.89,0.57,162.2,149.7,3335,11724,13,0.460797197,0.349292209
1975/9/1,32994.54,0.57,159.5,153.3,3335,11724,13,0.460797197,0.349292209
1975/10/1,33239.23,0.57,159.1,158.2,3335,11724,13.4,0.460797197,0.349292209
1975/11/1,33475.05,0.57,158,153.5,3335,11724,12.7,0.460797197,0.349292209
1975/12/1,33570.14,0.57,157.4,147.1,3335,11724,12,0.460797197,0.349292209
1976/1/1,33693.12,0.59,155.4,143.9,3685,12691,11.7,0.614104249,0.460582345
1976/2/1,33757.78,0.59,149.2,141.3,3685,12691,12.3,0.614104249,0.460582345
1976/3/1,34054.46,0.59,141.5,138.4,3685,12691,12.2,0.614104249,0.460582345
1976/4/1,34395.51,0.59,148.6,136.3,3685,12691,11.7,0.614104249,0.460582345
1976/5/1,34801.22,0.59,148.5,138.3,3685,12691,12.3,0.614104249,0.460582345
1976/6/1,34908.99,0.59,147.5,140.1,3685,12691,11.4,0.614104249,0.460582345
1976/7/1,35196.79,0.59,145,141.8,3685,12691,11.7,0.614104249,0.460582345
1976/8/1,35426.27,0.59,142.4,137.1,3685,12691,11.7,0.614104249,0.460582345
1976/9/1,35681.11,0.59,141,132.4,3685,12691,11.4,0.614104249,0.460582345
1976/10/1,35797.75,0.59,140.2,124.6,3685,12691,11.1,0.614104249,0.460582345
1976/11/1,36005.68,0.59,142.6,117.3,3685,12691,11.4,0.614104249,0.460582345
1976/12/1,36304.89,0.59,146,117,3685,12691,10.6,0.614104249,0.460582345
1977/1/1,36606.64,0.62,144.6,119.5,4006,13579,10.6,0.754708717,0.562780527
1977/2/1,37036.44,0.62,141.6,121,4006,13579,9.3,0.754708717,0.562780527
1977/3/1,37566.4,0.62,140.3,120.9,4006,13579,10.5,0.754708717,0.562780527
1977/4/1,38234.56,0.62,141.1,118.8,4006,13579,10.5,0.754708717,0.562780527
1977/5/1,38707.47,0.62,145.9,120.8,4006,13579,10.3,0.754708717,0.562780527
1977/6/1,39000.34,0.62,144.8,125.6,4006,13579,10.6,0.754708717,0.562780527
1977/7/1,39402.25,0.62,145.9,132,4006,13579,10.5,0.754708717,0.562780527
1977/8/1,39801.62,0.62,146.9,130.2,4006,13579,10.9,0.754708717,0.562780527
1977/9/1,40322.71,0.62,146.7,130.7,4006,13579,11.1,0.754708717,0.562780527
1977/10/1,40829.85,0.62,149.4,126.8,4006,13579,11,0.754708717,0.562780527
1977/11/1,41252.04,0.62,149.9,127.4,4006,13579,11.2,0.754708717,0.562780527
1977/12/1,41624.79,0.62,153.1,130.5,4006,13579,11.4,0.754708717,0.562780527
1978/1/1,42044.45,0.63,156.8,133.8,4310,14943,11.9,0.887866842,0.719760617
1978/2/1,42516.09,0.63,159,138,4310,14943,11.1,0.887866842,0.719760617
1978/3/1,43108.18,0.63,164.2,139.2,4310,14943,11,0.887866842,0.719760617
1978/4/1,43673.64,0.63,173,141.6,4310,14943,10.8,0.887866842,0.719760617
1978/5/1,44273.33,0.63,182.7,141.4,4310,14943,10.3,0.887866842,0.719760617
1978/6/1,44940.22,0.63,191.9,144.2,4310,14943,10,0.887866842,0.719760617
1978/7/1,45572.88,0.63,188.3,144.2,4310,14943,10.9,0.887866842,0.719760617
1978/8/1,46173.84,0.63,186.1,144.4,4310,14943,10.5,0.887866842,0.719760617
1978/9/1,46658.16,0.63,184.2,145.5,4310,14943,10.6,0.887866842,0.719760617
1978/10/1,47110.78,0.63,184.4,149.4,4310,14943,10.7,0.887866842,0.719760617
1978/11/1,47605.24,0.63,184.6,150.4,4310,14943,10.5,0.887866842,0.719760617
1978/12/1,48169.44,0.63,190.3,150.5,4310,14943,10.4,0.887866842,0.719760617
1979/1/1,48813.5,0.86,201.4,163.14,4602,16428,11.1,1.015768725,0.89066636
1979/2/1,49427.14,0.86,211.6,166.21,4602,16428,11.1,1.015768725,0.89066636
1979/3/1,50082.62,0.86,222.1,166,4602,16428,11.2,1.015768725,0.89066636
1979/4/1,50733.03,0.86,228.8,159.44,4602,16428,11,1.015768725,0.89066636
1979/5/1,51391.04,0.86,236.1,157.96,4602,16428,10.3,1.015768725,0.89066636
1979/6/1,52041.45,0.86,229.6,152.88,4602,16428,9.9,1.015768725,0.89066636
1979/7/1,52624.66,0.86,228.3,150.66,4602,16428,10.6,1.015768725,0.89066636
1979/8/1,53154.62,0.86,217.1,143.78,4602,16428,9.7,1.015768725,0.89066636
1979/9/1,53604.71,0.86,222.7,143.46,4602,16428,9.4,1.015768725,0.89066636
1979/10/1,54080.15,0.86,220.5,142.09,4602,16428,9.7,1.015768725,0.89066636
1979/11/1,54468.12,0.86,222.4,139.87,4602,16428,9.7,1.015768725,0.89066636
1979/12/1,54796.49,0.86,228.6,144.21,4602,16428,10.1,1.015768725,0.89066636
1980/1/1,55074.15,1.19,230.5,143.15,4790,17701,9.9,1.098116513,1.037173438
1980/2/1,55392.38,1.19,230.8,140.93,4790,17701,10.1,1.098116513,1.037173438
1980/3/1,55865.29,1.19,232.2,141.03,4790,17701,10.2,1.098116513,1.037173438
1980/4/1,56388.91,1.19,229.3,135.21,4790,17701,11.3,1.098116513,1.037173438
1980/5/1,56788.28,1.19,226.5,130.77,4790,17701,11.4,1.098116513,1.037173438
1980/6/1,57133.14,1.19,226.7,131.62,4790,17701,11.2,1.098116513,1.037173438
1980/7/1,57529.97,1.19,233.8,144.1,4790,17701,11.3,1.098116513,1.037173438
1980/8/1,57865.95,1.19,238.1,154.15,4790,17701,11.3,1.098116513,1.037173438
1980/9/1,58147.42,1.19,240.7,159.44,4790,17701,11.7,1.098116513,1.037173438
1980/10/1,58387.04,1.19,237.5,161.66,4790,17701,11.3,1.098116513,1.037173438
1980/11/1,58621.59,1.19,238.2,165.37,4790,17701,11.6,1.098116513,1.037173438
1980/12/1,58853.61,1.19,238.8,162.72,4790,17701,11.4,1.098116513,1.037173438
1981/1/1,59034.91,1.31,235.4,160.29,5053,18991,10.9,1.213315813,1.185637012
1981/2/1,59272,1.31,233.5,157.01,5053,18991,10.8,1.213315813,1.185637012
1981/3/1,59625.73,1.31,231.6,154.68,5053,18991,10.8,1.213315813,1.185637012
1981/4/1,60156.96,1.31,227,150.98,5053,18991,10.9,1.213315813,1.185637012
1981/5/1,60575.35,1.31,230.3,153.3,5053,18991,11,1.213315813,1.185637012
1981/6/1,60967.12,1.31,234.8,155.1,5053,18991,10.8,1.213315813,1.185637012
1981/7/1,61280.27,1.31,238.8,163.88,5053,18991,12.3,1.213315813,1.185637012
1981/8/1,61594.7,1.31,238.6,167.27,5053,18991,12,1.213315813,1.185637012
1981/9/1,61711.34,1.31,239.7,168.75,5053,18991,12.4,1.213315813,1.185637012
1981/10/1,61795.02,1.31,237.4,169.7,5053,18991,13,1.213315813,1.185637012
1981/11/1,61798.83,1.31,234.9,167.38,5053,18991,13.2,1.213315813,1.185637012
1981/12/1,61848.27,1.31,234,166.53,5053,18991,12.5,1.213315813,1.185637012
1982/1/1,61890.11,1.22,232.9,167.38,5436,20064,12.7,1.38107753,1.309126482
1982/2/1,61990.27,1.22,234,170.02,5436,20064,12.1,1.38107753,1.309126482
1982/3/1,61956.04,1.22,233,170.76,5436,20064,12.2,1.38107753,1.309126482
1982/4/1,62037.18,1.22,236.3,172.45,5436,20064,12.9,1.38107753,1.309126482
1982/5/1,62118.32,1.22,242.3,179.44,5436,20064,12.3,1.38107753,1.309126482
1982/6/1,62113.25,1.22,250.3,185.57,5436,20064,12.3,1.38107753,1.309126482
1982/7/1,62096.77,1.22,247.5,191.6,5436,20064,12.5,1.38107753,1.309126482
1982/8/1,62068.88,1.22,242.7,194.14,5436,20064,12.6,1.38107753,1.309126482
1982/9/1,62090.43,1.22,241.9,201.34,5436,20064,11.8,1.38107753,1.309126482
1982/10/1,62091.7,1.22,234.6,201.97,5436,20064,11.3,1.38107753,1.309126482
1982/11/1,62095.5,1.22,233.1,197.85,5436,20064,10.9,1.38107753,1.309126482
1982/12/1,62200.73,1.22,231.7,194.14,5436,20064,10.9,1.38107753,1.309126482
1983/1/1,62408.66,1.16,232.9,195.73,5614,20986,11.1,1.459045116,1.415237657
1983/2/1,62733.23,1.16,234.6,193.93,5614,20986,11.1,1.459045116,1.415237657
1983/3/1,62993.14,1.16,234.1,191.18,5614,20986,10.6,1.459045116,1.415237657
1983/4/1,63317.71,1.16,240.3,183.99,5614,20986,10.3,1.459045116,1.415237657
1983/5/1,63635.94,1.16,242.5,181.02,5614,20986,9.9,1.459045116,1.415237657
1983/6/1,63947.83,1.16,240,177.96,5614,20986,9.1,1.459045116,1.415237657
1983/7/1,64312.97,1.16,237.9,176.26,5614,20986,9.6,1.459045116,1.415237657
1983/8/1,64598.24,1.16,234.5,175.31,5614,20986,9.2,1.459045116,1.415237657
1983/9/1,64770.67,1.16,230.7,173.41,5614,20986,9.6,1.459045116,1.415237657
1983/10/1,64892.38,1.16,227.9,171.71,5614,20986,9.7,1.459045116,1.415237657
1983/11/1,64981.13,1.16,227.2,168.22,5614,20986,10.3,1.459045116,1.415237657
1983/12/1,65151.02,1.16,226.4,167.27,5614,20986,10.1,1.459045116,1.415237657
1984/1/1,65341.2,1.13,235.2,171.61,5774,22438,10,1.52912834,1.582345494
1984/2/1,65551.66,1.13,239.8,172.35,5774,22438,11.7,1.52912834,1.582345494
1984/3/1,65850.88,1.13,240.4,168.65,5774,22438,11.5,1.52912834,1.582345494
1984/4/1,66219.82,1.13,240.6,169.07,5774,22438,11.5,1.52912834,1.582345494
1984/5/1,66636.94,1.13,237.8,167.8,5774,22438,11.1,1.52912834,1.582345494
1984/6/1,67021.1,1.13,235.6,169.17,5774,22438,11.1,1.52912834,1.582345494
1984/7/1,67391.31,1.13,232.3,171.61,5774,22438,11.6,1.52912834,1.582345494
1984/8/1,67714.61,1.13,233.1,175.73,5774,22438,11.8,1.52912834,1.582345494
1984/9/1,67914.94,1.13,231.2,173.09,5774,22438,11.8,1.52912834,1.582345494
1984/10/1,68040.45,1.13,230.9,173.41,5774,22438,11.7,1.52912834,1.582345494
1984/11/1,68050.6,1.13,232.6,171.82,5774,22438,10.9,1.52912834,1.582345494
1984/12/1,68197.67,1.13,236.2,172.98,5774,22438,11.2,1.52912834,1.582345494
1985/1/1,68432.22,1.12,235.6,175.63,6132,23615,10.3,1.685939553,1.71780412
1985/2/1,68742.84,1.12,234.6,175.2,6132,23615,9.1,1.685939553,1.71780412
1985/3/1,69134.61,1.12,234.5,174.25,6132,23615,8.7,1.685939553,1.71780412
1985/4/1,69604.98,1.12,232.8,168.54,6132,23615,9.9,1.685939553,1.71780412
1985/5/1,70137.48,1.12,230.4,167.9,6132,23615,11.1,1.685939553,1.71780412
1985/6/1,70642.08,1.12,228.1,167.06,6132,23615,9.6,1.685939553,1.71780412
1985/7/1,71147.95,1.12,226.7,161.7,6132,23615,9.1,1.685939553,1.71780412
1985/8/1,71638.61,1.12,221.7,171.08,6132,23615,8.2,1.685939553,1.71780412
1985/9/1,72102.64,1.12,219.8,171.18,6132,23615,7.3,1.685939553,1.71780412
1985/10/1,72510.89,1.12,220.4,169.28,6132,23615,9.1,1.685939553,1.71780412
1985/11/1,72907.73,1.12,226,171.82,6132,23615,9,1.685939553,1.71780412
1985/12/1,73295.69,1.12,232.9,176.16,6132,23615,8.6,1.685939553,1.71780412
1986/1/1,73735.64,0.86,232.9,178.8,6465,24855,8.6,1.831800263,1.860513293
1986/2/1,74171.78,0.86,228.5,178.06,6465,24855,9.3,1.831800263,1.860513293
1986/3/1,74730.9,0.86,226.4,175.42,6465,24855,9.9,1.831800263,1.860513293
1986/4/1,75419.34,0.86,223.1,171.61,6465,24855,9.7,1.831800263,1.860513293
1986/5/1,76136.94,0.86,222.9,171.71,6465,24855,9.3,1.831800263,1.860513293
1986/6/1,76893.85,0.86,222.7,176.16,6465,24855,9.4,1.831800263,1.860513293
1986/7/1,77657.1,0.86,223.5,194.04,6465,24855,9.3,1.831800263,1.860513293
1986/8/1,78330.33,0.86,226.3,201.34,6465,24855,9,1.831800263,1.860513293
1986/9/1,78912.27,0.86,227.1,205.68,6465,24855,7.2,1.831800263,1.860513293
1986/10/1,79354.75,0.86,227.3,206.2,6465,24855,8.4,1.831800263,1.860513293
1986/11/1,79751.59,0.86,229.8,203.67,6465,24855,8.8,1.831800263,1.860513293
1986/12/1,80338.6,0.86,230.8,202.4,6465,24855,7,1.831800263,1.860513293
1987/1/1,80829.26,0.9,232.6,199.01,6994,26055,9.7,2.063512922,1.998618943
1987/2/1,81336.4,0.9,229.6,196.36,6994,26055,8.5,2.063512922,1.998618943
1987/3/1,81762.4,0.9,229.6,191.82,6994,26055,8.5,2.063512922,1.998618943
1987/4/1,82402.66,0.9,232.8,189.28,6994,26055,4.5,2.063512922,1.998618943
1987/5/1,83131.67,0.9,239.3,194.35,6994,26055,8.2,2.063512922,1.998618943
1987/6/1,83979.87,0.9,245.2,198.48,6994,26055,7.7,2.063512922,1.998618943
1987/7/1,84694.93,0.9,244,204.83,6994,26055,7.5,2.063512922,1.998618943
1987/8/1,85303.5,0.9,241.2,207.58,6994,26055,7.2,2.063512922,1.998618943
1987/9/1,85753.59,0.9,241.3,208.32,6994,26055,7.6,2.063512922,1.998618943
1987/10/1,86107.32,0.9,241.5,205.68,6994,26055,8.3,2.063512922,1.998618943
1987/11/1,86349.48,0.9,242.4,200.17,6994,26055,8.5,2.063512922,1.998618943
1987/12/1,86667.71,0.9,241.1,196.36,6994,26055,8.7,2.063512922,1.998618943
1988/1/1,86968.19,0.9,238.8,196.05,7166,27291,8.1,2.138852387,2.140867764
1988/2/1,87390.38,0.9,242.1,193.72,7166,27291,8.6,2.138852387,2.140867764
1988/3/1,87906.4,0.9,244.3,193.93,7166,27291,8.2,2.138852387,2.140867764
1988/4/1,88493.41,0.9,245.9,193.51,7166,27291,8.8,2.138852387,2.140867764
1988/5/1,89278.21,0.9,248.9,194.25,7166,27291,8.4,2.138852387,2.140867764
1988/6/1,90113.73,0.9,255.5,198.8,7166,27291,8.4,2.138852387,2.140867764
1988/7/1,90897.26,0.9,254.9,198.27,7166,27291,8.6,2.138852387,2.140867764
1988/8/1,91531.18,0.9,253.4,196.26,7166,27291,8.4,2.138852387,2.140867764
1988/9/1,92024.38,0.9,255.3,195.62,7166,27291,8.9,2.138852387,2.140867764
1988/10/1,92338.8,0.9,253.4,192.13,7166,27291,8.6,2.138852387,2.140867764
1988/11/1,92646.89,0.9,256,188.32,7166,27291,8.4,2.138852387,2.140867764
1988/12/1,92915.67,0.9,255.6,187.69,7166,27291,8.3,2.138852387,2.140867764
1989/1/1,93342.94,1,259.2,191.6,7226,28925,8.5,2.165133596,2.328921625
1989/2/1,93786.69,1,258.2,189.7,7226,28925,9,2.165133596,2.328921625
1989/3/1,94347.08,1,264.7,190.12,7226,28925,9.5,2.165133596,2.328921625
1989/4/1,94927.75,1,265.3,189.91,7226,28925,8.4,2.165133596,2.328921625
1989/5/1,95471.66,1,266.7,187.37,7226,28925,8.1,2.165133596,2.328921625
1989/6/1,95978.8,1,268.9,189.49,7226,28925,8.2,2.165133596,2.328921625
1989/7/1,96417.48,1,269.7,193.4,7226,28925,8.2,2.165133596,2.328921625
1989/8/1,96710.35,1,268.2,195.31,7226,28925,7.6,2.165133596,2.328921625
1989/9/1,96897.99,1,266.2,195.1,7226,28925,8.1,2.165133596,2.328921625
1989/10/1,96981.67,1,265,196.58,7226,28925,8.5,2.165133596,2.328921625
1989/11/1,97020.97,1,266.4,200.6,7226,28925,8.6,2.165133596,2.328921625
1989/12/1,96989.28,1,269.4,202.29,7226,28925,7.8,2.165133596,2.328921625
1990/1/1,97024.78,1.15,274.4,206.42,7256,29781,8,2.178274201,2.427436989
1990/2/1,97100.85,1.15,271,207.9,7256,29781,8.6,2.178274201,2.427436989
1990/3/1,97358.22,1.15,272.5,208.43,7256,29781,8.3,2.178274201,2.427436989
1990/4/1,97676.45,1.15,277.9,212.55,7256,29781,8.8,2.178274201,2.427436989
1990/5/1,98003.56,1.15,283.6,218.16,7256,29781,8.7,2.178274201,2.427436989
1990/6/1,98263.47,1.15,282.1,230.75,7256,29781,8.6,2.178274201,2.427436989
1990/7/1,98329.4,1.15,279.9,235.09,7256,29781,8.7,2.178274201,2.427436989
1990/8/1,98224.16,1.15,280.6,237.94,7256,29781,8.1,2.178274201,2.427436989
1990/9/1,97905.93,1.15,280.6,233.61,7256,29781,8.1,2.178274201,2.427436989
1990/10/1,97505.29,1.15,282.7,236.15,7256,29781,7.8,2.178274201,2.427436989
1990/11/1,96830.8,1.15,291.6,235.83,7256,29781,7.9,2.178274201,2.427436989
1990/12/1,96312.25,1.15,295.3,236.15,7256,29781,8.8,2.178274201,2.427436989
1991/1/1,96113,1.14,294.9,228.63,7359,30148,9.3,2.223390276,2.469674301
1991/2/1,96478.23,1.14,292.5,228,7359,30148,8.8,2.223390276,2.469674301
1991/3/1,96756.96,1.14,295.4,226.31,7359,30148,8,2.223390276,2.469674301
1991/4/1,96737.73,1.14,297.1,223.98,7359,30148,8.6,2.223390276,2.469674301
1991/5/1,96901.13,1.14,296.1,225.67,7359,30148,8.4,2.223390276,2.469674301
1991/6/1,97400.91,1.14,292.4,227.05,7359,30148,8.9,2.223390276,2.469674301
1991/7/1,97362.47,1.14,288.4,230.33,7359,30148,8.2,2.223390276,2.469674301
1991/8/1,97324.02,1.14,285.4,226.62,7359,30148,8.6,2.223390276,2.469674301
1991/9/1,97400.91,1.14,280.1,224.19,7359,30148,8.8,2.223390276,2.469674301
1991/10/1,97621.97,1.14,277.2,219.75,7359,30148,9.3,2.223390276,2.469674301
1991/11/1,98044.87,1.14,281,217,7359,30148,9,2.223390276,2.469674301
1991/12/1,98189.04,1.14,279.4,212.55,7359,30148,9.7,2.223390276,2.469674301
1992/1/1,98237.1,1.13,278.7,210.22,7714,30631,9.4,2.378887429,2.525261825
1992/2/1,98881.05,1.13,282.5,211.39,7714,30631,9.8,2.378887429,2.525261825
1992/3/1,98996.39,1.13,285.6,209.7,7714,30631,9.7,2.378887429,2.525261825
1992/4/1,98909.89,1.13,287.6,205.46,7714,30631,9.9,2.378887429,2.525261825
1992/5/1,99054.06,1.13,285.8,207.79,7714,30631,9.9,2.378887429,2.525261825
1992/6/1,99371.23,1.13,287.1,208.53,7714,30631,10.1,2.378887429,2.525261825
1992/7/1,99649.96,1.13,283.8,212.23,7714,30631,9.6,2.378887429,2.525261825
1992/8/1,100207.41,1.13,280.1,212.02,7714,30631,9.7,2.378887429,2.525261825
1992/9/1,100428.47,1.13,284.1,211.18,7714,30631,8.7,2.378887429,2.525261825
1992/10/1,100620.7,1.13,285.6,209.91,7714,30631,8,2.378887429,2.525261825
1992/11/1,100832.15,1.13,287.1,207.79,7714,30631,8,2.378887429,2.525261825
1992/12/1,100428.47,1.13,287.3,207.69,7714,30631,10.6,2.378887429,2.525261825
1993/1/1,100188.19,1.11,288.4,207.37,8345,31272,8.6,2.655278143,2.59903326
1993/2/1,99909.46,1.11,292.5,205.15,8345,31272,8.9,2.655278143,2.59903326
1993/3/1,100495.75,1.11,295.5,205.15,8345,31272,8.9,2.655278143,2.59903326
1993/4/1,101312.71,1.08,299.1,202.5,8345,31272,8.7,2.655278143,2.59903326
1993/5/1,101677.94,1.1,304.2,206.1,8345,31272,8.3,2.655278143,2.59903326
1993/6/1,102446.85,1.1,297.9,207.9,8345,31272,7.8,2.655278143,2.59903326
1993/7/1,102446.85,1.08,296.7,211.81,8345,31272,7.6,2.655278143,2.59903326
1993/8/1,102927.41,1.06,290.9,210.22,8345,31272,7.7,2.655278143,2.59903326
1993/9/1,103081.19,1.05,288.4,213.29,8345,31272,6.9,2.655278143,2.59903326
1993/10/1,103196.53,1.09,288.5,212.87,8345,31272,6.3,2.655278143,2.59903326
1993/11/1,103417.59,1.07,291,213.82,8345,31272,6.3,2.655278143,2.59903326
1993/12/1,103590.59,1.01,288.2,212.76,8345,31272,9.1,2.655278143,2.59903326
1994/1/1,103523.31,1,286.8,212.87,8595,32385,7.1,2.76478318,2.727126252
1994/2/1,103667.48,1.01,284.9,211.49,8595,32385,6.5,2.76478318,2.727126252
1994/3/1,104349.88,1.01,288.3,213.08,8595,32385,6.8,2.76478318,2.727126252
1994/4/1,104878.51,1.03,287.1,210.22,8595,32385,6.4,2.76478318,2.727126252
1994/5/1,105435.96,1.05,288.1,210.33,8595,32385,7.6,2.76478318,2.727126252
1994/6/1,106012.64,1.08,283.3,210.54,8595,32385,6.9,2.76478318,2.727126252
1994/7/1,106108.75,1.11,280.1,212.13,8595,32385,7,2.76478318,2.727126252
1994/8/1,106416.31,1.16,278.4,210.65,8595,32385,6.5,2.76478318,2.727126252
1994/9/1,106272.14,1.14,280,208.74,8595,32385,6.8,2.76478318,2.727126252
1994/10/1,106368.26,1.11,277.9,208.74,8595,32385,7.1,2.76478318,2.727126252
1994/11/1,106464.37,1.12,280.2,206.31,8595,32385,7,2.76478318,2.727126252
1994/12/1,106156.81,1.13,279.4,199.33,8595,32385,7.2,2.76478318,2.727126252
1995/1/1,106156.81,1.13,282.6,202.5,8839,34106,7.5,2.871660096,2.925192772
1995/2/1,106627.76,1.12,284.3,200.91,8839,34106,7.8,2.871660096,2.925192772
1995/3/1,106887.27,1.12,284.7,204.72,8839,34106,7.5,2.871660096,2.925192772
1995/4/1,107348.61,1.16,283.7,201.65,8839,34106,6.9,2.871660096,2.925192772
1995/5/1,107752.28,1.23,282.2,202.08,8839,34106,7.1,2.871660096,2.925192772
1995/6/1,108511.58,1.24,283.4,199.96,8839,34106,6.7,2.871660096,2.925192772
1995/7/1,109011.36,1.2,287.4,202.5,8839,34106,7.1,2.871660096,2.925192772
1995/8/1,109338.15,1.17,284.4,208.74,8839,34106,6.7,2.871660096,2.925192772
1995/9/1,109261.26,1.16,283.5,209.48,8839,34106,6.8,2.871660096,2.925192772
1995/10/1,109117.09,1.13,285.3,214.14,8839,34106,7.1,2.871660096,2.925192772
1995/11/1,109184.37,1.11,286.4,212.45,8839,34106,6.6,2.871660096,2.925192772
1995/12/1,109318.93,1.12,284.1,213.93,8839,34106,6.1,2.871660096,2.925192772
1996/1/1,109405.43,1.14,281.5,212.76,9223,35486,6.7,3.039859834,3.084014271
1996/2/1,109520.76,1.14,278.8,220.28,9223,35486,6.7,3.039859834,3.084014271
1996/3/1,110337.72,1.18,275.8,221.86,9223,35486,6.6,3.039859834,3.084014271
1996/4/1,110856.73,1.28,279.3,220.7,9223,35486,5.7,3.039859834,3.084014271
1996/5/1,111423.8,1.32,276.6,225.99,9223,35486,6.7,3.039859834,3.084014271
1996/6/1,111913.98,1.3,276.3,235.41,9223,35486,7.1,3.039859834,3.084014271
1996/7/1,112279.21,1.27,277.6,238.79,9223,35486,6.7,3.039859834,3.084014271
1996/8/1,112298.43,1.25,281.1,244.82,9223,35486,6.6,3.039859834,3.084014271
1996/9/1,112240.76,1.25,280.7,247.78,9223,35486,6.7,3.039859834,3.084014271
1996/10/1,112125.43,1.25,281.9,246.51,9223,35486,6.4,3.039859834,3.084014271
1996/11/1,112269.6,1.28,285.9,245.03,9223,35486,6.4,3.039859834,3.084014271
1996/12/1,112269.6,1.28,287.3,244.61,9223,35486,6.4,3.039859834,3.084014271
1997/1/1,112106.2,1.28,281.7,246.2,9915,37177,6.2,3.342969777,3.278628151
1997/2/1,112375.32,1.28,278.6,244.72,9915,37177,6.2,3.342969777,3.278628151
1997/3/1,113288.39,1.25,276.1,242.18,9915,37177,6.4,3.342969777,3.278628151
1997/4/1,113740.12,1.24,279,239.64,9915,37177,6.5,3.342969777,3.278628151
1997/5/1,114528.25,1.25,280.3,242.28,9915,37177,6.8,3.342969777,3.278628151
1997/6/1,114951.15,1.24,277.6,247.25,9915,37177,6.6,3.342969777,3.278628151
1997/7/1,115229.88,1.22,279.2,246.2,9915,37177,6.1,3.342969777,3.278628151
1997/8/1,115633.55,1.27,281,249.69,9915,37177,6,3.342969777,3.278628151
1997/9/1,115441.32,1.28,283,248.31,9915,37177,6.2,3.342969777,3.278628151
1997/10/1,115806.55,1.24,279,248.52,9915,37177,6.2,3.342969777,3.278628151
1997/11/1,115969.95,1.22,278,244.72,9915,37177,6.4,3.342969777,3.278628151
1997/12/1,116008.39,1.18,280.9,239.95,9915,37177,6.4,3.342969777,3.278628151
1998/1/1,116181.39,1.13,275.3,248.42,10157,38967,7.4,3.378449409,3.484635746
1998/2/1,116988.74,1.1,272,248.1,10157,38967,7.4,3.378449409,3.484635746
1998/3/1,117824.93,1.06,273.1,240.4,10157,38967,7.5,3.378449409,3.484635746
1998/4/1,118651.5,1.08,278.2,235.6,10157,38967,7.2,3.378449409,3.484635746
1998/5/1,119535.74,1.11,277.4,240.6,10157,38967,6.9,3.378449409,3.484635746
1998/6/1,120689.09,1.1,278.7,243.1,10157,38967,6.8,3.378449409,3.484635746
1998/7/1,120958.21,1.09,278.5,245.1,10157,38967,6.9,3.378449409,3.484635746
1998/8/1,121400.33,1.07,279.4,245,10157,38967,6.8,3.378449409,3.484635746
1998/9/1,121861.67,1.05,274.2,244.7,10157,38967,6.4,3.378449409,3.484635746
1998/10/1,122111.57,1.06,275,242.2,10157,38967,6.2,3.378449409,3.484635746
1998/11/1,122640.19,1.04,280,241,10157,38967,6.3,3.378449409,3.484635746
1998/12/1,122851.64,0.99,283.6,238.1,10157,38967,5.8,3.378449409,3.484635746
1999/1/1,123303.37,0.98,279.1,233.4,10136,40750,6.4,3.378449409,3.689837726
1999/2/1,123755.1,0.96,278,236.9,10136,40750,6.3,3.378449409,3.689837726
1999/3/1,124783.51,1.02,276.9,237.1,10136,40750,6,3.378449409,3.689837726
1999/4/1,125715.8,1.17,283.9,234.8,10136,40750,5,3.378449409,3.689837726
1999/5/1,126936.44,1.17,283.2,239.2,10136,40750,4.8,3.378449409,3.689837726
1999/6/1,127936.01,1.15,287.2,241.2,10136,40750,4.7,3.378449409,3.689837726
1999/7/1,128599.19,1.2,289.3,244.3,10136,40750,4.8,3.378449409,3.689837726
1999/8/1,129281.6,1.26,289,246.8,10136,40750,4.7,3.378449409,3.689837726
1999/9/1,129358.49,1.3,289.36,248.15,10136,40750,4.1,3.378449409,3.689837726
1999/10/1,129867.89,1.29,295.4,244.7,10136,40750,4.4,3.378449409,3.689837726
1999/11/1,130069.72,1.29,300.01,244.67,10136,40750,4.6,3.378449409,3.689837726
1999/12/1,130329.23,1.31,301.75,246.09,10136,40750,4.2,3.378449409,3.689837726
2000/1/1,131626.75,1.33,294.73,245.68,9990,42233,5,3.342969777,3.860513293
2000/2/1,131386.47,1.42,293.64,250.97,9990,42233,4.5,3.342969777,3.860513293
2000/3/1,132905.06,1.56,297.88,252.81,9990,42233,4.3,3.342969777,3.860513293
2000/4/1,134154.53,1.51,305.4,255.5,9990,42233,4.8,3.342969777,3.860513293
2000/5/1,135230.99,1.53,308.78,256.23,9990,42233,4.8,3.342969777,3.860513293
2000/6/1,136595.8,1.67,311.54,260.32,9990,42233,4.8,3.342969777,3.860513293
2000/7/1,137287.81,1.59,309.99,262.29,9990,42233,5.1,3.342969777,3.860513293
2000/8/1,137710.71,1.51,309.92,265.63,9990,42233,5.2,3.342969777,3.860513293
2000/9/1,138297,1.59,313.01,265,9990,42233,4.5,3.342969777,3.860513293
2000/10/1,138729.5,1.57,311.82,262.14,9990,42233,4.8,3.342969777,3.860513293
2000/11/1,139171.62,1.56,310.28,259.28,9990,42233,4.7,3.342969777,3.860513293
2000/12/1,139604.13,1.48,310.07,262.54,9990,42233,4.4,3.342969777,3.860513293
2001/1/1,140200.03,1.49,321.35,260.6,9996,42629,4.9,3.378449409,3.906088157
2001/2/1,141113.11,1.49,334.21,261.54,9996,42629,5,3.378449409,3.906088157
2001/3/1,142381.8,1.45,334.3,265.42,9996,42629,5.3,3.378449409,3.906088157
2001/4/1,143612.04,1.59,343.2,263.33,9996,42629,5.1,3.378449409,3.906088157
2001/5/1,144784.62,1.74,343.82,266.95,9996,42629,4.5,3.378449409,3.906088157
2001/6/1,145986.04,1.66,347.64,270.89,9996,42629,4.4,3.378449409,3.906088157
2001/7/1,146812.61,1.47,345.4,270.47,9996,42629,5.6,3.378449409,3.906088157
2001/8/1,147360.45,1.46,339.33,276.33,9996,42629,6.6,3.378449409,3.906088157
2001/9/1,147879.46,1.56,337.63,278.08,9996,42629,7,3.378449409,3.906088157
2001/10/1,148446.53,1.36,337.97,276.43,9996,42629,3.1,3.378449409,3.906088157
2001/11/1,148417.69,1.21,337.63,271.26,9996,42629,3.5,3.378449409,3.906088157
2001/12/1,148927.09,1.13,330.33,271.45,9996,42629,3.8,3.378449409,3.906088157
2002/1/1,149426.88,1.15,330.79,270.75,10244,42802,5.7,3.487078406,3.925998389
2002/2/1,150301.51,1.16,330.46,271.72,10244,42802,5.5,3.487078406,3.925998389
2002/3/1,151772.04,1.29,329.76,270.3,10244,42802,5.6,3.487078406,3.925998389
2002/4/1,153021.51,1.44,333.5,266.69,10244,42802,5.5,3.487078406,3.925998389
2002/5/1,154684.26,1.43,333.54,269.88,10244,42802,6.2,3.487078406,3.925998389
2002/6/1,156193.24,1.42,329.96,266.62,10244,42802,6.2,3.487078406,3.925998389
2002/7/1,157221.65,1.44,328.86,264.16,10244,42802,5.4,3.487078406,3.925998389
2002/8/1,158086.66,1.44,334.5,266.6,10244,42802,5.4,3.487078406,3.925998389
2002/9/1,158769.06,1.44,329.36,261.63,10244,42802,5.9,3.487078406,3.925998389
2002/10/1,159509.13,1.49,325.81,260.95,10244,42802,5.8,3.487078406,3.925998389
2002/11/1,159855.14,1.46,334.04,259.13,10244,42802,5.8,3.487078406,3.925998389
2002/12/1,160499.1,1.43,337.76,260.59,10244,42802,5.4,3.487078406,3.925998389
2003/1/1,161008.5,1.5,339.75,258.17,10655,43588,5.4,3.667104687,4.01645759
2003/2/1,162075.35,1.66,347.95,262.61,10655,43588,5.3,3.667104687,4.01645759
2003/3/1,163199.87,1.73,356.77,261.83,10655,43588,5,3.667104687,4.01645759
2003/4/1,164708.85,1.63,364.8,263.85,10655,43588,5.1,3.667104687,4.01645759
2003/5/1,166342.77,1.54,361.38,258.46,10655,43588,5.5,3.667104687,4.01645759
2003/6/1,167697.96,1.53,365.56,264.42,10655,43588,5.3,3.667104687,4.01645759
2003/7/1,168995.49,1.55,365.38,266.33,10655,43588,6.1,3.667104687,4.01645759
2003/8/1,170091.18,1.66,373.47,270.64,10655,43588,5.9,3.667104687,4.01645759
2003/9/1,171138.81,1.72,370.85,272.6,10655,43588,5.1,3.667104687,4.01645759
2003/10/1,171705.87,1.61,393.31,270.46,10655,43588,5.3,3.667104687,4.01645759
2003/11/1,172436.33,1.56,431.72,272.17,10655,43588,5.3,3.667104687,4.01645759
2003/12/1,173272.52,1.52,424.3,268.01,10655,43588,5.2,3.667104687,4.01645759
2004/1/1,173772.3,1.61,400.52,269.29,11352,44411,4.9,3.922908454,4.111175049
2004/2/1,175252.44,1.69,398.89,269.05,11352,44411,4.9,3.922908454,4.111175049
2004/3/1,177184.32,1.78,397.08,269.6,11352,44411,4.7,3.922908454,4.111175049
2004/4/1,179279.58,1.84,405.67,271.33,11352,44411,5.1,3.922908454,4.111175049
2004/5/1,181826.57,2.02,405.49,276.23,11352,44411,5.1,3.922908454,4.111175049
2004/6/1,184306.29,2.01,417.29,282.97,11352,44411,5.6,3.922908454,4.111175049
2004/7/1,185834.49,1.95,417.9,284.74,11352,44411,5,3.922908454,4.111175049
2004/8/1,187074.34,1.92,411.3,288.55,11352,44411,5,3.922908454,4.111175049
2004/9/1,188121.97,1.91,408.22,289.76,11352,44411,4.4,3.922908454,4.111175049
2004/10/1,188996.6,2.04,402.06,288.73,11352,44411,4.3,3.922908454,4.111175049
2004/11/1,189986.57,2.02,405.71,281.11,11352,44411,3.8,3.922908454,4.111175049
2004/12/1,190928.47,1.89,408.05,278.68,11352,44411,6.6,3.922908454,4.111175049
2005/1/1,191553.21,1.88,408.46,283.38,11551,46301,3.2,4.032851511,4.328691449
2005/2/1,193244.8,1.95,412.75,283.99,11551,46301,2.9,4.032851511,4.328691449
2005/3/1,195993.63,2.12,421.42,281.17,11551,46301,3.1,4.032851511,4.328691449
2005/4/1,198492.57,2.29,425.51,284.91,11551,46301,2.7,4.032851511,4.328691449
2005/5/1,201097.23,2.21,426.1,289.26,11551,46301,3.2,4.032851511,4.328691449
2005/6/1,203548.11,2.2,418.43,286.05,11551,46301,2.6,4.032851511,4.328691449
2005/7/1,205499.21,2.33,399.31,284.03,11551,46301,2.1,4.032851511,4.328691449
2005/8/1,206892.84,2.53,399.15,282.1,11551,46301,2.6,4.032851511,4.328691449
2005/9/1,208209.59,2.95,392.42,282.6,11551,46301,2.7,4.032851511,4.328691449
2005/10/1,208728.6,2.77,397.59,279.23,11551,46301,2.9,4.032851511,4.328691449
2005/11/1,209276.45,2.3,401.86,277,11551,46301,3.2,4.032851511,4.328691449
2005/12/1,209670.51,2.23,406.03,278.61,11551,46301,3.1,4.032851511,4.328691449
2006/1/1,210141.46,2.36,406.92,276.29,11656,48223,3.7,4.078405607,4.549890666
2006/2/1,211073.76,2.33,405.87,279.63,11656,48223,3.9,4.078405607,4.549890666
2006/3/1,212659.62,2.47,401.11,276.29,11656,48223,4.1,4.078405607,4.549890666
2006/4/1,214043.65,2.79,402.05,279.61,11656,48223,3.8,4.078405607,4.549890666
2006/5/1,215735.24,2.95,395.12,276.61,11656,48223,3.6,4.078405607,4.549890666
2006/6/1,216504.14,2.93,392.14,279.92,11656,48223,3.7,4.078405607,4.549890666
2006/7/1,216235.03,3.03,387.79,284.22,11656,48223,3.1,4.078405607,4.549890666
2006/8/1,216734.82,3,397.59,285,11656,48223,3.3,4.078405607,4.549890666
2006/9/1,215985.13,2.61,392.62,288.22,11656,48223,3.2,4.078405607,4.549890666
2006/10/1,215591.07,2.29,394.68,286.62,11656,48223,3.2,4.078405607,4.549890666
2006/11/1,215312.34,2.28,396.3,279.51,11656,48223,3.6,4.078405607,4.549890666
2006/12/1,214399.27,2.36,392.09,276.82,11656,48223,3.5,4.078405607,4.549890666
2007/1/1,214274.32,2.29,393.95,280.24,11552,49968,3.2,4.032851511,4.7507193
2007/2/1,214927.89,2.32,404.97,279.73,11552,49968,3.6,4.032851511,4.7507193
2007/3/1,216609.87,2.61,418.4,282.46,11552,49968,3.9,4.032851511,4.7507193
2007/4/1,217744,2.89,428.47,281.34,11552,49968,3.8,4.032851511,4.7507193
2007/5/1,218003.51,3.19,429.75,287.35,11552,49968,3.6,4.032851511,4.7507193
2007/6/1,217955.45,3.1,421.47,290.88,11552,49968,3.5,4.032851511,4.7507193
2007/7/1,216725.2,3.01,414.28,293.64,11552,49968,3.4,4.032851511,4.7507193
2007/8/1,215543.01,2.83,415.9,293.13,11552,49968,3.1,4.032851511,4.7507193
2007/9/1,213899.48,2.85,422.7,290.61,11552,49968,3.1,4.032851511,4.7507193
2007/10/1,211602.38,2.85,412.97,292.93,11552,49968,3,4.032851511,4.7507193
2007/11/1,209199.56,3.13,415.89,286.34,11552,49968,2.8,4.032851511,4.7507193
2007/12/1,207017.79,3.07,411.3,285.94,11552,49968,3.2,4.032851511,4.7507193
2008/1/1,204403.52,3.1,410.03,285.56,10994,50132,3.2,3.815593517,4.769593739
2008/2/1,203692.28,3.08,418.62,282.53,10994,50132,3.6,3.815593517,4.769593739
2008/3/1,202635.04,3.29,420.5,283.31,10994,50132,3.4,3.815593517,4.769593739
2008/4/1,201625.85,3.51,417.19,285.85,10994,50132,2.9,3.815593517,4.769593739
2008/5/1,200732,3.82,424.15,290.34,10994,50132,7.3,3.815593517,4.769593739
2008/6/1,200261.05,4.11,429.56,293.25,10994,50132,5.1,3.815593517,4.769593739
2008/7/1,198281.12,4.11,434,296.17,10994,50132,4,3.815593517,4.769593739
2008/8/1,196003.24,3.83,452.57,301.7,10994,50132,3.5,3.815593517,4.769593739
2008/9/1,193485.08,3.76,450.87,302.61,10994,50132,4.3,3.815593517,4.769593739
2008/10/1,191389.82,3.11,451.12,301.7,10994,50132,5.2,3.815593517,4.769593739
2008/11/1,187180.07,2.21,443.29,300.26,10994,50132,6.3,3.815593517,4.769593739
2008/12/1,185498.09,1.75,437.52,300.52,10994,50132,6.2,3.815593517,4.769593739
2009/1/1,186142.05,1.84,432.26,299.64,11239,49534,6.2,3.922908454,4.549890666
2009/2/1,186872.51,1.98,436.76,296.12,11239,49534,5.6,3.922908454,4.549890666
2009/3/1,185267.42,2.01,429.99,294.24,11239,49534,5.9,3.922908454,4.549890666
2009/4/1,185401.98,2.1,427.32,291.39,11239,49534,6.6,3.922908454,4.549890666
2009/5/1,186728.34,2.32,433.47,295.41,11239,49534,7.9,3.922908454,4.549890666
2009/6/1,187478.02,2.68,427.67,295.39,11239,49534,6.2,3.922908454,4.549890666
2009/7/1,186805.23,2.58,417.94,295.73,11239,49534,5.5,3.922908454,4.549890666
2009/8/1,186161.27,2.67,421.6,293.37,11239,49534,4.5,3.922908454,4.549890666
2009/9/1,185132.86,2.61,413.17,290.6,11239,49534,5.6,3.922908454,4.549890666
2009/10/1,185017.53,2.61,414.54,288.01,11239,49534,5.2,3.922908454,4.549890666
2009/11/1,184863.74,2.71,430.42,281.78,11239,49534,5.6,3.922908454,4.549890666
2009/12/1,181711.24,2.66,428.09,282,11239,49534,5.6,3.922908454,4.549890666
2010/1/1,180798.16,2.77,417.27,287.77,11490,49167,5.9,4.032851511,4.549890666
2010/2/1,180375.27,2.7,418.55,291.71,11490,49167,5.6,4.032851511,4.549890666
2010/3/1,180913.5,2.82,430.37,291.43,11490,49167,5.6,4.032851511,4.549890666
2010/4/1,182547.42,2.9,443.6,291.87,11490,49167,6.2,4.032851511,4.549890666
2010/5/1,184181.34,2.89,445.65,304.3,11490,49167,6.7,4.032851511,4.549890666
2010/6/1,183258.66,2.79,447.17,310.37,11490,49167,6.5,4.032851511,4.549890666
2010/7/1,182124.52,2.78,441.49,318.52,11490,49167,6.4,4.032851511,4.549890666
2010/8/1,181384.45,2.78,435.26,323.16,11490,49167,6.5,4.032851511,4.549890666
2010/9/1,178847.07,2.76,441.76,329.95,11490,49167,6.5,4.032851511,4.549890666
2010/10/1,178529.9,2.85,447.76,336.26,11490,49167,6.3,4.032851511,4.549890666
2010/11/1,177299.65,2.91,448.84,331.97,11490,49167,6.1,4.032851511,4.549890666
2010/12/1,174589.26,3.05,443.05,318.84,11490,49167,6.5,4.032851511,4.549890666
2011/1/1,172618.95,3.15,452.13,324.13,11651,49842,6.9,4.103372755,4.549890666
2011/2/1,171186.86,3.26,458.29,328.32,11651,49842,7.2,4.103372755,4.549890666
2011/3/1,170177.68,3.62,472.46,335.74,11651,49842,6.6,4.103372755,4.549890666
2011/4/1,172071.1,3.85,479.44,337.66,11651,49842,6.6,4.103372755,4.549890666
2011/5/1,173330.18,3.96,483.71,348.41,11651,49842,6.5,4.103372755,4.549890666
2011/6/1,174867.99,3.74,478.02,348.11,11651,49842,6.7,4.103372755,4.549890666
2011/7/1,175165.94,3.71,476.66,346.59,11651,49842,6.9,4.103372755,4.549890666
2011/8/1,174041.42,3.7,486.79,351.17,11651,49842,6.9,4.103372755,4.549890666
2011/9/1,174252.87,3.67,491.41,356.15,11651,49842,6.5,4.103372755,4.549890666
2011/10/1,172580.5,3.51,493.27,346.82,11651,49842,6.5,4.103372755,4.549890666
2011/11/1,172791.95,3.44,500.13,351.07,11651,49842,6.6,4.103372755,4.549890666
2011/12/1,171888.49,3.33,501.65,346.07,11651,49842,7.5,4.103372755,4.549890666
2012/1/1,170120.01,3.44,509.35,349.5,11594,51179,7.8,4.032851511,4.89009092
2012/2/1,170610.19,3.64,504.48,349.46,11594,51179,7.8,4.032851511,4.89009092
2012/3/1,173176.4,3.91,505.27,348.99,11594,51179,8.2,4.032851511,4.89009092
2012/4/1,175636.9,3.96,498.62,345.95,11594,51179,8.5,4.032851511,4.89009092
2012/5/1,178462.62,3.79,496.54,340.8,11594,51179,8.6,4.032851511,4.89009092
2012/6/1,180298.38,3.6,493.19,339.68,11594,51179,8.6,4.032851511,4.89009092
2012/7/1,180596.33,3.5,501.34,343.44,11594,51179,7.8,4.032851511,4.89009092
2012/8/1,180971.17,3.78,494.47,352.64,11594,51179,7.6,4.032851511,4.89009092
2012/9/1,180807.78,3.91,494.11,350.73,11594,51179,8.1,4.032851511,4.89009092
2012/10/1,180836.61,3.81,500.35,348.42,11594,51179,8.7,4.032851511,4.89009092
2012/11/1,181000,3.52,510.91,347.83,11594,51179,9.5,4.032851511,4.89009092
2012/12/1,180519.44,3.38,507.77,342.66,11594,51179,11.6,4.032851511,4.89009092
2013/1/1,180711.66,3.39,520.58,345.11,11676,52322,5.9,4.114323259,5.021636552
2013/2/1,181941.91,3.74,517.91,349.08,11676,52322,5.6,4.114323259,5.021636552
2013/3/1,185219.36,3.78,526.35,351.71,11676,52322,5.9,4.114323259,5.021636552
2013/4/1,187747.13,3.64,522.39,350.69,11676,52322,6.2,4.114323259,5.021636552
2013/5/1,191159.15,3.68,522.61,355.26,11676,52322,6.4,4.114323259,5.021636552
2013/6/1,193523.53,3.69,527.44,361.66,11676,52322,6.5,4.114323259,5.021636552
2013/7/1,194561.55,3.66,533.09,369.57,11676,52322,6.3,4.114323259,5.021636552
2013/8/1,194167.48,3.65,535.07,375.74,11676,52322,6.4,4.114323259,5.021636552
2013/9/1,194148.26,3.6,529.42,379.22,11676,52322,6.5,4.114323259,5.021636552
2013/10/1,193561.97,3.42,535.46,380.93,11676,52322,6,4.114323259,5.021636552
2013/11/1,193023.74,3.32,540.86,377.61,11676,52322,5.8,4.114323259,5.021636552
2013/12/1,192802.68,3.36,536.04,376.13,11676,52322,6,4.114323259,5.021636552
2014/1/1,192456.67,3.39,534.57,375.76,12457,53741,6.7,4.456416995,5.184946484
2014/2/1,193379.36,3.43,557.54,372.68,12457,53741,6.6,4.456416995,5.184946484
2014/3/1,195791.79,3.61,572.02,383.04,12457,53741,6.7,4.456416995,5.184946484
2014/4/1,197906.28,3.74,587.13,395,12457,53741,6.9,4.456416995,5.184946484
2014/5/1,200145.71,3.75,591.32,409.92,12457,53741,7.1,4.456416995,5.184946484
2014/6/1,202433.2,3.77,591.69,411.56,12457,53741,7.1,4.456416995,5.184946484
2014/7/1,203125.21,3.69,595.14,412.69,12457,53741,7.2,4.456416995,5.184946484
2014/8/1,202731.15,3.57,623.96,419.98,12457,53741,7,4.456416995,5.184946484
2014/9/1,201933.41,3.48,625.62,421.55,12457,53741,7.2,4.456416995,5.184946484
2014/10/1,201962.25,3.26,624.06,414.85,12457,53741,7.1,4.456416995,5.184946484
2014/11/1,202154.47,3,630.31,406.39,12457,53741,7.3,4.456416995,5.184946484
2014/12/1,202231.36,2.63,630.98,399.11,12457,53741,7.7,4.456416995,5.184946484
2015/1/1,201327.9,2.21,633.3,398.94,12943,54041,8,4.669294788,5.219472897
2015/2/1,203211.72,2.3,626.99,394.12,12943,54041,8.1,4.669294788,5.219472897
2015/3/1,205806.77,2.55,630.88,387.43,12943,54041,7.7,4.669294788,5.219472897
2015/4/1,207940.48,2.56,640.16,376.93,12943,54041,7.6,4.669294788,5.219472897
2015/5/1,211006.48,2.8,641.19,369.59,12943,54041,7.5,4.669294788,5.219472897
2015/6/1,212938.35,2.89,640.64,370.33,12943,54041,7.4,4.669294788,5.219472897
2015/7/1,213774.53,2.88,636.49,376.95,12943,54041,7.3,4.669294788,5.219472897
2015/8/1,213130.58,2.73,632.81,383.41,12943,54041,7.3,4.669294788,5.219472897
2015/9/1,213159.41,2.46,623.02,391.92,12943,54041,7.4,4.669294788,5.219472897
2015/10/1,213053.69,2.39,623.08,397.26,12943,54041,7.5,4.669294788,5.219472897
2015/11/1,213486.2,2.26,620.92,391.72,12943,54041,7.3,4.669294788,5.219472897
2015/12/1,213111.35,2.14,597.16,384.58,12943,54041,7.4,4.669294788,5.219472897
2016/1/1,213044.08,2.06,597.54,379.34,13258,56832,7.7,4.807271134,5.540683623
2016/2/1,213793.76,1.87,598.55,373.83,13258,56832,7.2,4.807271134,5.540683623
2016/3/1,217494.11,2.07,622.27,375.98,13258,56832,7.6,4.807271134,5.540683623
2016/4/1,219858.49,2.22,610.45,379.86,13258,56832,7.2,4.807271134,5.540683623
2016/5/1,222549.65,2.37,608.13,378.09,13258,56832,6.9,4.807271134,5.540683623
2016/6/1,224741.03,2.47,619.97,376.98,13258,56832,6.6,4.807271134,5.540683623
2016/7/1,225711.77,2.35,608.98,378.14,13258,56832,6.8,4.807271134,5.540683623
2016/8/1,225654.1,2.28,591.51,379.81,13258,56832,6.8,4.807271134,5.540683623
2016/9/1,225817.49,2.33,586.8,378.89,13258,56832,6.8,4.807271134,5.540683623
2016/10/1,225779.05,2.36,573.67,374.32,13258,56832,6.9,4.807271134,5.540683623
2016/11/1,226211.56,2.3,576.37,362.54,13258,56832,7,4.807271134,5.540683623
2016/12/1,226288.45,2.37,562.15,358.31,13258,56832,6.5,4.807271134,5.540683623
2017/1/1,225384.99,2.46,566.19,357.01,13332,59149,6.9,4.839684625,5.807342617
2017/2/1,227307.25,2.42,584.04,364.32,13332,59149,7.2,4.839684625,5.807342617
2017/3/1,230921.09,2.44,590.39,377.99,13332,59149,7.2,4.839684625,5.807342617
2017/4/1,234044.77,2.53,593.29,374.71,13332,59149,7.2,4.839684625,5.807342617
2017/5/1,236755.15,2.5,614.01,372.77,13332,59149,7.8,4.839684625,5.807342617
2017/6/1,238437.13,2.46,620.68,375.58,13332,59149,7.5,4.839684625,5.807342617
2017/7/1,239503.98,2.41,610.03,383.29,13332,59149,7.6,4.839684625,5.807342617
2017/8/1,240234.44,2.49,597.01,393.51,13332,59149,7.6,4.839684625,5.807342617
2017/9/1,239955.72,2.76,578.2,398.54,13332,59149,7.3,4.839684625,5.807342617
2017/10/1,239965.33,2.62,575.45,390.67,13332,59149,7.4,4.839684625,5.807342617
2017/11/1,240763.07,2.68,580.7,378.62,13332,59149,7,4.839684625,5.807342617
2017/12/1,240455.5,2.59,580.27,374.05,13332,59149,6.6,4.839684625,5.807342617
2018/1/1,241474.3,2.67,575.75,374.99,13775,61564,7.4,5.033727551,6.060421222
2018/2/1,244117.41,2.71,582.77,373.96,13775,61564,7.6,5.033727551,6.060421222
2018/3/1,246847.02,2.71,587.05,375.27,13775,61564,7.6,5.033727551,6.060421222
2018/4/1,249028.78,2.87,606.03,375.23,13775,61564,7.4,5.033727551,6.060421222
2018/5/1,251941.01,2.99,596.44,374.08,13775,61564,7.5,5.033727551,6.060421222
2018/6/1,253574.93,2.97,597.83,369.65,13775,61564,7.6,5.033727551,6.060421222
2018/7/1,254343.83,2.93,601.99,373.07,13775,61564,7.6,5.033727551,6.060421222
2018/8/1,254785.95,2.91,608.24,381.65,13775,61564,7.6,5.033727551,6.060421222
2018/9/1,254141.99,2.92,593.46,378.51,13775,61564,7.6,5.033727551,6.060421222
2018/10/1,253920.93,2.94,584.02,372.69,13775,61564,7.4,5.033727551,6.060421222
2018/11/1,254670.62,2.74,591.14,370.05,13775,61564,7.2,5.033727551,6.060421222
2018/12/1,253853.66,2.46,583.3,373.98,13775,61564,9,5.033727551,6.060421222
2019/1/1,254497.61,2.34,585.99,371.4,15286,61348,8.7,5.695575996,6.060421222
2019/2/1,256371.82,2.39,590.02,373.14,15286,61348,8.8,5.695575996,6.060421222
2019/3/1,259139.87,2.59,606.81,379.95,15286,61348,8.2,5.695575996,6.060421222
2019/4/1,262128.98,2.88,610.22,378.75,15286,61348,7.7,5.695575996,6.060421222
2019/5/1,264839.37,2.95,617.31,388.26,15286,61348,7.4,5.695575996,6.060421222
2019/6/1,265944.67,2.8,614.73,392,15286,61348,7.2,5.695575996,6.060421222
2019/7/1,267030.75,2.82,614.66,392.68,15286,61348,7,5.695575996,6.060421222
2019/8/1,267001.91,2.71,607.44,389.59,15286,61348,7.2,5.695575996,6.060421222
2019/9/1,267722.76,2.68,600.62,387.92,15286,61348,7.3,5.695575996,6.060421222
2019/10/1,267780.43,2.72,589.22,391.15,15286,61348,7.4,5.695575996,6.060421222
2019/11/1,268184.1,2.69,606.49,386.02,15286,61348,7.5,5.695575996,6.060421222
2019/12/1,268818.45,2.65,609.03,381.09,15286,61348,7.3,5.695575996,6.060421222
2020/1/1,269702.69,2.64,605.89,383.74,14589,63572,7.8,5.033727551,6.316377028
2020/2/1,272960.92,2.53,604.46,386.43,14589,63572,8.3,5.033727551,6.316377028
2020/3/1,275536.75,2.33,604.61,384.55,14589,63572,13.1,5.033727551,6.316377028
2020/4/1,277747.35,1.94,644.36,389.28,14589,63572,33.8,5.033727551,6.316377028
2020/5/1,278670.03,1.96,758.51,404.85,14589,63572,24.8,5.033727551,6.316377028
2020/6/1,282149.32,2.17,755.77,424.51,14589,63572,19.3,5.033727551,6.316377028
2020/7/1,285397.94,2.27,683.84,417.88,14589,63572,18.7,5.033727551,6.316377028
2020/8/1,289377.02,2.27,649.2,408.44,14589,63572,15,5.033727551,6.316377028
2020/9/1,293058.15,2.27,637.1,405.28,14589,63572,14.3,5.033727551,6.316377028
2020/10/1,296095.32,2.25,635.36,408.42,14589,63572,13.6,5.033727551,6.316377028
2020/11/1,298382.81,2.2,634.07,409.85,14589,63572,13,5.033727551,6.316377028
2020/12/1,300401.18,2.28,629.29,411.95,14589,63572,14,5.033727551,6.316377028
2021/1/1,303034.68,2.42,640.7,412.2,14589,68938,19.9,5.033727551,6.316377028
2021/2/1,307436.65,2.59,641.4,415.3,14589,68938,13.5,5.033727551,6.316377028
2021/3/1,314587.46,2.9,648.2,416.5,14589,68938,26.6,5.033727551,6.316377028
2021/4/1,322093.89,2.95,675.5,432.3,14589,68938,12.4,5.033727551,6.316377028
2021/5/1,329465.75,3.08,696.2,438.4,14589,68938,10,5.033727551,6.316377028
2021/6/1,335520.87,3.16,746.5,454.6,14589,68938,9,5.033727551,6.316377028
2021/7/1,340278.47,3.23,752.9,460.2,14589,68938,9.9,5.033727551,6.316377028
2021/8/1,342844.68,3.26,763.9,465,14589,68938,9.2,5.033727551,6.316377028
2021/9/1,357700,3.27,787.1,471.6,14589,68938,7.5,5.033727551,6.316377028
2021/10/1,352800,3.38,790.1,481.6,14589,68938,7.5,5.033727551,6.316377028
